user_id;term_id;access_end_date;unlimited_access
c8b1bcc4-d7d3-11e3-a57f-ac162d7bdc001;2312432;;true
c8b1bcc4-d7d3-11e3-a57f-ac162d7bdc003;2312432;;true
c8b1bcc4-d7d3-11e3-a57f-ac162d7bdc004;2312432;;true
c8b1bcc4-d7d3-11e3-a57f-ac162d7bdc005;2312432;;true
c8b1bcc4-d7d3-11e3-a57f-ac162d7bdc006;2312432;;true
c8b1bcc4-d7d3-11e3-a57f-ac162d7bdc007;2312432;;true
c8b1bcc4-d7d3-11e3-a57f-ac162d7bdc008;2312432;;true
c8b1bcc4-d7d3-11e3-a57f-ac162d7bdc0011;2312432;;true
c7c6405a-d7d3-11e3-a57f-ac162d7bdc00;2312432;;true
c7c64afa-d7d3-11e3-a57f-ac162d7bdc00;2312432;;true
c7c64fdc-d7d3-11e3-a57f-ac162d7bdc00;2312432;;true
c7c652e8-d7d3-11e3-a57f-ac162d7bdc00;2312432;;true
c7c655c2-d7d3-11e3-a57f-ac162d7bdc00;2312432;;true
c7c658c4-d7d3-11e3-a57f-ac162d7bdc00;2312432;;true
c7c65b8a-d7d3-11e3-a57f-ac162d7bdc00;2312432;;true
c7c65e32-d7d3-11e3-a57f-ac162d7bdc00;2312432;;true
c7c660f8-d7d3-11e3-a57f-ac162d7bdc00;2312432;;true
c7c66350-d7d3-11e3-a57f-ac162d7bdc00;2312432;;true
c7c66724-d7d3-11e3-a57f-ac162d7bdc00;2312432;;true
c7c66940-d7d3-11e3-a57f-ac162d7bdc00;2312432;;true
c7c66c88-d7d3-11e3-a57f-ac162d7bdc00;2312432;;true
c7c66ecc-d7d3-11e3-a57f-ac162d7bdc00;2312432;;true
c7c6721e-d7d3-11e3-a57f-ac162d7bdc00;2312432;;true
c7c67426-d7d3-11e3-a57f-ac162d7bdc00;2312432;;true
c7c67764-d7d3-11e3-a57f-ac162d7bdc00;2312432;;true
c7c679b2-d7d3-11e3-a57f-ac162d7bdc00;2312432;;true
c7c67d22-d7d3-11e3-a57f-ac162d7bdc00;2312432;;true
c7c67f2a-d7d3-11e3-a57f-ac162d7bdc00;2312432;;true
c7c68268-d7d3-11e3-a57f-ac162d7bdc00;2312432;;true
c7c6870e-d7d3-11e3-a57f-ac162d7bdc00;2312432;;true
c7c68ab0-d7d3-11e3-a57f-ac162d7bdc00;2312432;;true
c7c68cd6-d7d3-11e3-a57f-ac162d7bdc00;2312432;;true
c7c693fc-d7d3-11e3-a57f-ac162d7bdc00;2312432;;true
c7c6967c-d7d3-11e3-a57f-ac162d7bdc00;2312432;;true
c7c699f6-d7d3-11e3-a57f-ac162d7bdc00;2312432;;true
c7c69bf4-d7d3-11e3-a57f-ac162d7bdc00;2312432;;true
c7c69f5a-d7d3-11e3-a57f-ac162d7bdc00;2312432;;true
c7c6a18a-d7d3-11e3-a57f-ac162d7bdc00;2312432;;true
c7c6a4dc-d7d3-11e3-a57f-ac162d7bdc00;2312432;;true
c7c6a6d0-d7d3-11e3-a57f-ac162d7bdc00;2312432;;true
c7c6aa0e-d7d3-11e3-a57f-ac162d7bdc00;2312432;;true
c7c6ac3e-d7d3-11e3-a57f-ac162d7bdc00;2312432;;true
c7c6af90-d7d3-11e3-a57f-ac162d7bdc00;2312432;;true
c7c6b18e-d7d3-11e3-a57f-ac162d7bdc00;2312432;;true
c7c6b508-d7d3-11e3-a57f-ac162d7bdc00;2312432;;true
c7c6b74c-d7d3-11e3-a57f-ac162d7bdc00;2312432;;true
c7c6ba94-d7d3-11e3-a57f-ac162d7bdc00;2312432;;true
c7c6bc88-d7d3-11e3-a57f-ac162d7bdc00;2312432;;true
c7c6c368-d7d3-11e3-a57f-ac162d7bdc00;2312432;;true
c7c6c7b4-d7d3-11e3-a57f-ac162d7bdc00;2312432;;true
c7c6cb6a-d7d3-11e3-a57f-ac162d7bdc00;2312432;;true
c7c6cd68-d7d3-11e3-a57f-ac162d7bdc00;2312432;;true
c7c6d0b0-d7d3-11e3-a57f-ac162d7bdc00;2312432;;true
c7c6d2e0-d7d3-11e3-a57f-ac162d7bdc00;2312432;;true
c7c6d628-d7d3-11e3-a57f-ac162d7bdc00;2312432;;true
c7c6d81c-d7d3-11e3-a57f-ac162d7bdc00;2312432;;true
c7c6db8c-d7d3-11e3-a57f-ac162d7bdc00;2312432;;true
c7c6ddd0-d7d3-11e3-a57f-ac162d7bdc00;2312432;;true
c7c6e118-d7d3-11e3-a57f-ac162d7bdc00;2312432;;true
c7c6e316-d7d3-11e3-a57f-ac162d7bdc00;2312432;;true
c7c6e654-d7d3-11e3-a57f-ac162d7bdc00;2312432;;true
c7c6e88e-d7d3-11e3-a57f-ac162d7bdc00;2312432;;true
c7c6ebea-d7d3-11e3-a57f-ac162d7bdc00;2312432;;true
c7c6edfc-d7d3-11e3-a57f-ac162d7bdc00;2312432;;true
c7c6f4fa-d7d3-11e3-a57f-ac162d7bdc00;2312432;;true
c7c6f770-d7d3-11e3-a57f-ac162d7bdc00;2312432;;true
c7c6faf4-d7d3-11e3-a57f-ac162d7bdc00;2312432;;true
c7c6fce8-d7d3-11e3-a57f-ac162d7bdc00;2312432;;true
c7c7003a-d7d3-11e3-a57f-ac162d7bdc00;2312432;;true
c7c70440-d7d3-11e3-a57f-ac162d7bdc00;2312432;;true
c7c707c4-d7d3-11e3-a57f-ac162d7bdc00;2312432;;true
c7c709b8-d7d3-11e3-a57f-ac162d7bdc00;2312432;;true
c7c70cec-d7d3-11e3-a57f-ac162d7bdc00;2312432;;true
c7c70f1c-d7d3-11e3-a57f-ac162d7bdc00;2312432;;true
c7c71278-d7d3-11e3-a57f-ac162d7bdc00;2312432;;true
c7c7149e-d7d3-11e3-a57f-ac162d7bdc00;2312432;;true
c7c717dc-d7d3-11e3-a57f-ac162d7bdc00;2312432;;true
c7c71a0c-d7d3-11e3-a57f-ac162d7bdc00;2312432;;true
c7c71d5e-d7d3-11e3-a57f-ac162d7bdc00;2312432;;true
c7c71f52-d7d3-11e3-a57f-ac162d7bdc00;2312432;;true
c7c72646-d7d3-11e3-a57f-ac162d7bdc00;2312432;;true
c7c728ee-d7d3-11e3-a57f-ac162d7bdc00;2312432;;true
c7c72c90-d7d3-11e3-a57f-ac162d7bdc00;2312432;;true
c7c72e84-d7d3-11e3-a57f-ac162d7bdc00;2312432;;true
c7c731c2-d7d3-11e3-a57f-ac162d7bdc00;2312432;;true
c7c73582-d7d3-11e3-a57f-ac162d7bdc00;2312432;;true
c7c73906-d7d3-11e3-a57f-ac162d7bdc00;2312432;;true
c7c73b04-d7d3-11e3-a57f-ac162d7bdc00;2312432;;true
c7c73e74-d7d3-11e3-a57f-ac162d7bdc00;2312432;;true
c7c740ae-d7d3-11e3-a57f-ac162d7bdc00;2312432;;true
c7c7440a-d7d3-11e3-a57f-ac162d7bdc00;2312432;;true
c7c74612-d7d3-11e3-a57f-ac162d7bdc00;2312432;;true
c7c74946-d7d3-11e3-a57f-ac162d7bdc00;2312432;;true
c7c74b76-d7d3-11e3-a57f-ac162d7bdc00;2312432;;true
c7c74ed2-d7d3-11e3-a57f-ac162d7bdc00;2312432;;true
c7c75102-d7d3-11e3-a57f-ac162d7bdc00;2312432;;true
c7c757e2-d7d3-11e3-a57f-ac162d7bdc00;2312432;;true
c7c75a44-d7d3-11e3-a57f-ac162d7bdc00;2312432;;true
c7c75dc8-d7d3-11e3-a57f-ac162d7bdc00;2312432;;true
c7c75fd0-d7d3-11e3-a57f-ac162d7bdc00;2312432;;true
